Date,Open,High,Low,Close,Volume,return_1d,ma_5,ma_20,volatility_5,momentum_5,target
2025-05-22,331.8999938964844,347.2699890136719,331.3900146484375,341.0400085449219,97113400,0.019185982671137136,342.31000366210935,309.1080032348633,0.022642021287338977,-1.779998779296875,0
2025-05-23,337.9200134277344,343.17999267578125,333.2099914550781,339.3399963378906,84654800,-0.004984788190348977,340.1820007324219,311.82750244140624,0.019119617821075303,-10.6400146484375,1
2025-05-27,347.3500061035156,363.7900085449219,347.32000732421875,362.8900146484375,120146400,0.06939947711644767,344.3420043945313,315.6780029296875,0.03600174359983842,20.800018310546875,0
2025-05-28,364.8399963378906,365.0,355.9100036621094,356.8999938964844,91404300,-0.016506435862546853,346.9580017089844,318.9215026855469,0.03831547847149941,13.079986572265625,1
2025-05-29,365.2900085449219,367.7099914550781,356.0,358.42999267578125,88087800,0.004286911755287504,351.7200012207031,322.7350021362305,0.03347022506004777,23.80999755859375,0
2025-05-30,355.5199890136719,363.67999267578125,345.2900085449219,346.4599914550781,123474900,-0.03339564619395741,352.8039978027344,326.0320022583008,0.03929554802782213,5.41998291015625,0
2025-06-02,343.5,348.0199890136719,333.3299865722656,342.69000244140625,81873800,-0.01088145559849063,353.4739990234375,328.8060028076172,0.0397099043315014,3.350006103515625,1
2025-06-03,346.6000061035156,355.3999938964844,343.0400085449219,344.2699890136719,99324500,0.004610541775392996,349.7499938964844,332.00650177001955,0.015869304082468894,-18.620025634765625,0
2025-06-04,345.1000061035156,345.6000061035156,327.3299865722656,332.04998779296875,98912100,-0.03549540073392177,344.7799926757813,334.8415008544922,0.019548522500099533,-24.850006103515625,0
2025-06-05,322.489990234375,324.54998779296875,273.2099914550781,284.70001220703125,287499800,-0.14259893789082123,330.03399658203125,335.26550140380857,0.057804305898245686,-73.72998046875,1
2025-06-06,298.8299865722656,305.5,291.1400146484375,295.1400146484375,164747700,0.036670186138995975,319.77000122070314,335.78150177001953,0.06840317931450693,-51.319976806640625,1
2025-06-09,285.9599914550781,309.8299865722656,281.8500061035156,308.5799865722656,140908900,0.04553761352840424,312.947998046875,336.29750061035156,0.076432573097688,-34.110015869140625,1
2025-06-10,314.94000244140625,327.8299865722656,310.6700134277344,326.0899963378906,151256500,0.05674382827003055,309.31199951171874,336.6830001831055,0.08355565367605518,-18.17999267578125,1
2025-06-11,334.3999938964844,335.5,322.5,326.42999267578125,122611400,0.0010426457165473302,308.18800048828126,336.3009994506836,0.08211642068824118,-5.6199951171875,0
2025-06-12,323.0799865722656,332.55999755859375,316.8599853515625,319.1099853515625,105127500,-0.022424432461661592,315.0699951171875,334.8724990844727,0.03308189691428751,34.40997314453125,1
2025-06-13,313.9700012207031,332.989990234375,313.29998779296875,325.30999755859375,128964300,0.019429076154419578,321.10399169921874,333.9969985961914,0.032255994454450314,30.16998291015625,1
2025-06-16,331.2900085449219,332.04998779296875,326.4100036621094,329.1300048828125,83925900,0.011742668079331553,325.2139953613281,332.9544982910156,0.028956150695560803,20.550018310546875,0
2025-06-17,326.0899963378906,327.260009765625,314.739990234375,316.3500061035156,88282700,-0.03882963749794621,323.2659973144531,331.66749877929686,0.024281688987623642,-9.739990234375,1
2025-06-18,317.30999755859375,329.32000732421875,315.45001220703125,322.04998779296875,95137700,0.0180179597897272,322.38999633789064,330.57899780273436,0.026558954531293078,-4.3800048828125,1
2025-06-20,327.95001220703125,332.3599853515625,317.7799987792969,322.1600036621094,108688000,0.0003416111576173275,323.0,329.9559982299805,0.024109014881253048,3.050018310546875,1
2025-06-23,327.5400085449219,357.5400085449219,327.4800109863281,348.67999267578125,190716800,0.0823193093872907,327.6739990234375,330.33799743652344,0.04377130739010625,23.3699951171875,0
2025-06-24,356.1700134277344,356.260009765625,340.44000244140625,340.4700012207031,114736200,-0.023545920693855638,329.94199829101564,330.3944976806641,0.047090217941934166,11.339996337890625,0
2025-06-25,342.70001220703125,343.0,320.3999938964844,327.54998779296875,119845100,-0.037947582404945,332.18199462890624,328.62749633789065,0.046873667727857116,11.199981689453125,0
2025-06-26,324.6099853515625,331.04998779296875,323.6099853515625,325.7799987792969,80440900,-0.0054037218123500486,332.92799682617186,327.0714965820313,0.04677209685620114,3.730010986328125,0
2025-06-27,324.510009765625,329.3399963378906,317.5,323.6300048828125,89067000,-0.006599526995335614,333.2219970703125,325.3314971923828,0.04697894355876078,1.470001220703125,0
2025-06-30,319.8999938964844,325.5799865722656,316.6000061035156,317.6600036621094,76695100,-0.018446995428822777,327.01799926757815,323.89149780273436,0.013386041827478655,-31.019989013671875,0
2025-07-01,298.4599914550781,305.8900146484375,293.2099914550781,300.7099914550781,145085700,-0.05335897504131726,319.0659973144531,321.792497253418,0.02082847259747418,-39.760009765625,1
2025-07-02,312.6300048828125,316.8299865722656,303.82000732421875,315.6499938964844,119483700,0.04968242780731846,316.6859985351563,320.3614974975586,0.037066298295801894,-11.899993896484375,0
2025-07-03,317.989990234375,318.45001220703125,312.760009765625,315.3500061035156,58042300,-0.0009503811144286889,314.6,319.52649841308596,0.03716237928105028,-10.42999267578125,0
2025-07-07,291.3699951171875,296.1499938964844,288.7699890136719,293.94000244140625,131177900,-0.06789282780315342,308.66199951171876,319.9884979248047,0.04639818100797018,-29.69000244140625,1
2025-07-08,297.0,304.04998779296875,294.3500061035156,297.80999755859375,103246700,0.013165935514200422,304.69199829101564,320.1219970703125,0.0484629492364369,-19.850006103515625,0
2025-07-09,297.54998779296875,300.1499938964844,293.54998779296875,295.8800048828125,75586800,-0.0064806174796113725,303.7260009765625,319.4869979858398,0.04261131231636539,-4.829986572265625,1
2025-07-10,300.04998779296875,310.4800109863281,300.0,309.8699951171875,104365300,0.0472826483827995,302.57000122070315,318.6759979248047,0.041883988057657445,-5.779998779296875,1
2025-07-11,307.8900146484375,314.0899963378906,305.6499938964844,313.510009765625,79236400,0.01174690904506881,302.202001953125,318.0299987792969,0.042418941355586263,-1.839996337890625,1
2025-07-14,317.7300109863281,322.6000061035156,312.6700134277344,316.8999938964844,78043400,0.010813001260769006,306.79400024414065,317.919499206543,0.019586964952475527,22.959991455078125,0
2025-07-15,319.67999267578125,321.20001220703125,310.5,310.7799987792969,77556300,-0.01931207079538977,309.38800048828125,317.1929992675781,0.02508702837674043,12.970001220703125,1
2025-07-16,312.79998779296875,323.5,312.6199951171875,321.6700134277344,97284800,0.03504091219258654,314.54600219726564,316.8199996948242,0.02562658975378252,25.790008544921875,0
2025-07-17,323.1499938964844,324.3399963378906,317.05999755859375,319.4100036621094,73922900,-0.007025863995037018,316.45400390625,316.9729995727539,0.020673785389844514,9.540008544921875,1
2025-07-18,321.6600036621094,330.8999938964844,321.4200134277344,329.6499938964844,94255000,0.03205907804067243,319.6820007324219,317.3529998779297,0.023784935131606084,16.139984130859375,0
2025-07-21,334.3999938964844,338.0,326.8800048828125,328.489990234375,75768800,-0.0035188948387289143,322.0,317.669499206543,0.024560847267138444,11.589996337890625,1
2025-07-22,329.739990234375,335.4100036621094,321.54998779296875,332.1099853515625,77370400,0.0110201078413521,326.2659973144531,316.840998840332,0.019529163320539597,21.329986572265625,1
2025-07-23,330.8999938964844,336.20001220703125,328.6700134277344,332.55999755859375,92553800,0.0013550095657464123,328.443994140625,316.44549865722655,0.015677291822378547,10.889984130859375,0
2025-07-24,310.0,310.1499938964844,300.4100036621094,305.29998779296875,156966000,-0.08197020076301287,325.6219909667969,315.33299865722654,0.043432300138434916,-14.110015869140625,1
2025-07-25,308.739990234375,323.6300048828125,308.010009765625,316.05999755859375,148227000,0.03524405566934252,322.90399169921875,314.8469985961914,0.044187363904690594,-13.589996337890625,1
2025-07-28,318.45001220703125,330.489990234375,315.69000244140625,325.5899963378906,112673800,0.030152499060024596,322.32399291992186,314.9449981689453,0.047408289812937335,-2.899993896484375,0
2025-07-29,325.54998779296875,326.25,318.25,321.20001220703125,87358900,-0.013483166498468035,320.1419982910156,315.1219985961914,0.04714155174514773,-10.90997314453125,0
2025-07-30,322.17999267578125,324.45001220703125,311.6199951171875,319.0400085449219,83931900,-0.006724793213012448,317.43800048828126,316.0384994506836,0.046975716575328404,-13.519989013671875,0
2025-07-31,319.6099853515625,321.3699951171875,306.1000061035156,308.2699890136719,85270900,-0.03375758288237862,318.03200073242186,315.669499206543,0.02954562605760756,2.970001220703125,0
2025-08-01,306.2099914550781,309.30999755859375,297.82000732421875,302.6300048828125,89121400,-0.01829559909125389,315.34600219726565,315.0334991455078,0.02374798735456878,-13.42999267578125,1
2025-08-04,309.0799865722656,312.1199951171875,303.0,309.260009765625,78683900,0.021907956170373222,312.0800048828125,315.79949951171875,0.020458444809041368,-16.329986572265625,0
2025-08-05,308.95001220703125,312.45001220703125,305.5,308.7200012207031,57961300,-0.0017461311772288823,309.58400268554686,316.3449996948242,0.020641537602756287,-12.480010986328125,1
2025-08-06,307.8900146484375,320.4700012207031,306.92999267578125,319.9100036621094,78523600,0.03624644466558724,309.75800170898435,317.54649963378904,0.028580247807559887,0.8699951171875,1
2025-08-07,319.7900085449219,322.3999938964844,316.1600036621094,322.2699890136719,66658700,0.007377028928595486,312.55800170898436,318.16649932861327,0.021048154422770495,14.0,1
2025-08-08,321.42999267578125,335.1499938964844,320.9800109863281,329.6499938964844,91200300,0.02290006868278205,317.9619995117188,318.97349853515624,0.014771386108667031,27.019989013671875,1
2025-08-11,335.0,346.6400146484375,334.1499938964844,339.0299987792969,105320200,0.02845443669493286,323.91599731445314,320.0799987792969,0.0155475633577847,29.769989013671875,1
2025-08-12,345.0,345.260009765625,332.94000244140625,340.8399963378906,80522100,0.005338753399730889,330.3399963378906,321.58299865722654,0.013398753198803919,32.1199951171875,0
2025-08-13,341.5,348.9800109863281,338.20001220703125,339.3800048828125,67838900,-0.004283509772223915,334.23399658203124,322.46849822998047,0.01342057794774281,19.470001220703125,0
2025-08-14,335.760009765625,340.4700012207031,330.3999938964844,335.5799865722656,75000700,-0.011196942235471519,336.89599609375,323.2769973754883,0.01707769952445495,13.30999755859375,0
2025-08-15,337.6600036621094,339.29998779296875,327.0199890136719,330.55999755859375,74319800,-0.014959143019665277,337.0779968261719,323.32249755859374,0.017345055972740536,0.910003662109375,1
2025-08-18,329.6199951171875,336.2699890136719,329.5899963378906,335.1600036621094,56956600,0.013915797850586165,336.3039978027344,323.65599822998047,0.01188093649611276,-3.8699951171875,0
2025-08-19,335.7900085449219,340.54998779296875,327.8500061035156,329.30999755859375,75956000,-0.017454368181154756,333.997998046875,323.51599884033203,0.012598583109615391,-11.529998779296875,0
2025-08-20,329.2200012207031,331.3699951171875,314.6000061035156,323.8999938964844,77481800,-0.016428300696053943,330.90199584960936,323.08299865722654,0.013151763363282451,-15.480010986328125,0
2025-08-21,322.0799865722656,324.8999938964844,318.67999267578125,320.1099853515625,55744400,-0.011701168929731831,327.80799560546876,323.82349853515626,0.01317258457868769,-15.470001220703125,1
2025-08-22,321.6600036621094,340.25,319.69000244140625,340.010009765625,94016300,0.062166209505171155,329.697998046875,325.0209991455078,0.03385159062577018,9.45001220703125,1
2025-08-25,338.8999938964844,349.5299987792969,335.0299987792969,346.6000061035156,86670000,0.019381771561470362,331.9859985351562,326.0714996337891,0.0342529857811928,11.44000244140625,1
2025-08-26,344.92999267578125,351.8999938964844,343.7200012207031,351.6700134277344,76651600,0.01462783391499567,336.4580017089844,327.5949996948242,0.03136482740655157,22.360015869140625,0
2025-08-27,351.94000244140625,355.3900146484375,349.1600036621094,349.6000061035156,65519000,-0.0058862207330171445,341.59800415039064,329.1229995727539,0.029114433826566054,25.70001220703125,0
2025-08-28,350.9100036621094,353.54998779296875,340.260009765625,345.9800109863281,67903200,-0.010354676927882056,346.7720092773437,331.00850067138674,0.028801965755528375,25.870025634765625,0
2025-08-29,347.2300109863281,348.75,331.70001220703125,333.8699951171875,81145700,-0.03500206799409333,345.54400634765625,332.5705001831055,0.021778662412777417,-6.1400146484375,0
2025-09-02,328.2300109863281,333.3299865722656,325.6000061035156,329.3599853515625,58392000,-0.01350828116207925,342.09600219726565,333.5754989624023,0.017755193419601356,-17.240020751953125,1
2025-09-03,335.20001220703125,343.3299865722656,328.510009765625,334.0899963378906,88733300,0.014361219324440011,338.5799987792969,334.84399871826173,0.017662806960945913,-17.58001708984375,1
2025-09-04,336.1499938964844,338.8900146484375,331.4800109863281,338.5299987792969,60711000,0.01328983953448204,336.3659973144531,335.7749984741211,0.020632740144297033,-11.07000732421875,1
2025-09-05,348.0,355.8699951171875,344.67999267578125,350.8399963378906,108989800,0.036363092201525005,337.33799438476564,337.20349884033203,0.02767979307596552,4.8599853515625,0
2025-09-08,354.6400146484375,358.44000244140625,344.8399963378906,346.3999938964844,75208300,-0.01265534855703887,339.843994140625,338.040998840332,0.020983553343543876,12.529998779296875,1
2025-09-09,348.44000244140625,350.7699890136719,343.82000732421875,346.9700012207031,53816000,0.001645517708609212,343.3659973144531,338.43799896240233,0.018070092094365702,17.610015869140625,1
2025-09-10,350.54998779296875,356.3299865722656,346.07000732421875,347.7900085449219,72121700,0.0023633378140295314,346.1059997558594,338.7854995727539,0.01824170803107449,13.70001220703125,1
2025-09-11,350.1700134277344,368.989990234375,347.6000061035156,368.80999755859375,103756000,0.06043873744853956,352.16199951171876,340.25699920654296,0.029955357305992004,30.279998779296875,1
2025-09-12,370.94000244140625,396.69000244140625,370.239990234375,395.94000244140625,168156400,0.07356092584909457,361.1820007324219,343.275,0.039018643871851603,45.100006103515625,1
2025-09-15,423.1300048828125,425.70001220703125,402.42999267578125,410.0400085449219,163823700,0.03561147147692467,373.9100036621094,347.2490005493164,0.03283192267022325,63.6400146484375,1
2025-09-16,414.5,423.25,411.42999267578125,421.6199951171875,104285700,0.028241113869250656,388.8400024414062,351.57200012207034,0.027920052663673593,74.64999389648438,1
2025-09-17,415.75,428.30999755859375,409.6700134277344,425.8599853515625,106133500,0.01005642588937583,404.45399780273436,356.3994995117188,0.02542497060920917,78.06997680664062,0
2025-09-18,428.8699951171875,432.2200012207031,416.55999755859375,416.8500061035156,90454500,-0.021157139806429193,414.06199951171874,361.0470001220703,0.034766071608363806,48.040008544921875,1
2025-09-19,421.82000732421875,429.4700012207031,421.7200012207031,426.07000732421875,93131000,0.022118270566640064,420.08800048828124,366.3450012207031,0.022263220455220965,30.1300048828125,1
2025-09-22,431.1099853515625,444.9800109863281,429.1300048828125,434.2099914550781,97108800,0.019104804353584193,424.9219970703125,371.0550003051758,0.019488901851081448,24.16998291015625,0
2025-09-23,439.8800048828125,440.9700012207031,423.7200012207031,425.8500061035156,83422700,-0.019253323313789705,425.76799926757815,375.01750030517576,0.020916685751283578,4.230010986328125,1
2025-09-24,429.8299865722656,444.2099914550781,429.0299987792969,442.7900085449219,93133600,0.03977927016229388,429.15400390625,379.57350006103513,0.027043375455268363,16.930023193359375,0
2025-09-25,435.239990234375,435.3500061035156,419.0799865722656,423.3900146484375,96746400,-0.04381307961359793,430.4620056152344,383.26300048828125,0.03414139194785024,6.540008544921875,1
2025-09-26,428.29998779296875,440.4700012207031,421.0199890136719,440.3999938964844,101628200,0.0401756741055197,433.3280029296875,387.98399963378904,0.03739198072738826,14.329986572265625,1
2025-09-29,444.3500061035156,450.9800109863281,439.5,443.2099914550781,79491500,0.00638055766924972,435.1280029296875,393.4509994506836,0.03680751570928374,9.0,1
2025-09-30,441.5199890136719,445.0,433.1199951171875,444.7200012207031,74358000,0.0034069849388267404,438.902001953125,399.2190002441406,0.03444734402663024,18.8699951171875,1
2025-10-01,443.79998779296875,462.2900085449219,440.75,459.4599914550781,98122300,0.033144428390707636,442.2359985351562,405.4875,0.03307465175754114,16.66998291015625,0
2025-10-02,470.5400085449219,470.75,435.57000732421875,436.0,137009000,-0.051059922281332826,444.75799560546875,410.36100006103516,0.035939745900158485,12.6099853515625,0
2025-10-03,443.2900085449219,446.7699890136719,416.5799865722656,429.8299865722656,133188200,-0.014151406944344913,442.643994140625,414.3104995727539,0.03106032926890226,-10.57000732421875,1
2025-10-06,440.75,453.54998779296875,436.69000244140625,453.25,85324900,0.054486690457546505,444.65199584960936,419.6529998779297,0.041088117630793564,10.040008544921875,0
2025-10-07,447.82000732421875,452.67999267578125,432.45001220703125,433.0899963378906,102296100,-0.044478772558432134,442.32599487304685,423.95899963378906,0.046786141150225495,-11.6300048828125,1
2025-10-08,437.57000732421875,441.3299865722656,425.2300109863281,438.69000244140625,71192100,0.012930352007360923,438.1719970703125,428.5039993286133,0.04348657931303267,-20.769989013671875,0
2025-10-09,431.80999755859375,436.3500061035156,426.17999267578125,435.5400085449219,69339900,-0.007180455170972544,438.0799987792969,431.8404998779297,0.03662533206035129,-0.459991455078125,0
2025-10-10,436.5400085449219,443.1300048828125,411.45001220703125,413.489990234375,112107900,-0.05062684914805626,434.81199951171874,432.71799926757814,0.043260321101747226,-16.339996337890625,1
2025-10-13,423.5299987792969,436.8900146484375,419.70001220703125,435.8999938964844,79552800,0.054197209585187034,431.3419982910156,434.01099853515626,0.04315757549340029,-17.350006103515625,0
2025-10-14,426.7900085449219,434.20001220703125,417.8599853515625,429.239990234375,72669400,-0.015278742269702716,430.5719970703125,434.3919982910156,0.03855355877747017,-3.850006103515625,1
2025-10-15,434.8999938964844,440.510009765625,426.3299865722656,435.1499938964844,71558200,0.013768529951932784,429.86399536132814,434.8564987182617,0.03863205660932314,-3.540008544921875,0
2025-10-16,434.7300109863281,439.3500061035156,421.30999755859375,428.75,77189900,-0.01470755828163206,428.50599365234376,435.4514984130859,0.03907604329287658,-6.790008544921875,1
2025-10-17,425.5,441.4599914550781,423.6000061035156,439.30999755859375,89331600,0.02462973191508744,433.6699951171875,436.1134979248047,0.029151776180190565,25.82000732421875,1
2025-10-20,443.8699951171875,449.79998779296875,440.6099853515625,447.42999267578125,63719000,0.018483519979771268,435.9759948730469,436.77449798583984,0.018992863628332204,11.529998779296875,0
2025-10-21,445.760009765625,449.29998779296875,442.04998779296875,442.6000061035156,54412200,-0.010794954856246153,438.647998046875,437.6119979858398,0.017844804860965173,13.360015869140625,0
2025-10-22,443.45001220703125,445.5400085449219,429.0,438.9700012207031,84023500,-0.008201547294971134,439.41199951171876,437.4209976196289,0.018239149700887716,3.82000732421875,1
2025-10-23,420.0,449.3999938964844,413.8999938964844,448.9800109863281,126709800,0.022803402824313368,443.4580017089844,438.70049743652345,0.017405140550995186,20.230010986328125,0
2025-10-24,446.8299865722656,451.67999267578125,430.1700134277344,433.7200012207031,94727800,-0.03398817183887881,442.3400024414062,438.3664978027344,0.023309120897074445,-5.589996337890625,1
2025-10-27,439.9800109863281,460.1600036621094,438.69000244140625,452.4200134277344,105867500,0.043115401997602554,443.3380065917969,438.8269989013672,0.03034990516886765,4.990020751953125,1
2025-10-28,454.7799987792969,467.0,451.6000061035156,460.54998779296875,80185700,0.017969970655449252,446.9280029296875,439.61849822998045,0.029902139798571887,17.949981689453125,1
2025-10-29,462.5,465.70001220703125,452.6499938964844,461.510009765625,67983500,0.0020845119924046696,451.4360046386719,439.7209991455078,0.02881364035012188,22.540008544921875,0
2025-10-30,451.04998779296875,455.05999755859375,439.6099853515625,440.1000061035156,72447900,-0.04639120107705208,449.6600036621094,439.9259994506836,0.036858882884704215,-8.8800048828125,1
2025-10-31,446.75,458.0,443.69000244140625,456.55999755859375,83135800,0.03740057084027071,454.2280029296875,441.2625,0.035881997017699035,22.839996337890625,1
2025-11-03,455.989990234375,474.07000732421875,453.79998779296875,468.3699951171875,84595200,0.02586735066967427,457.4179992675781,442.01849975585935,0.03269001510638758,15.949981689453125,0
2025-11-04,454.4599914550781,460.2200012207031,443.6000061035156,444.260009765625,87756600,-0.05147636612701911,454.1600036621094,442.5770004272461,0.040812929149899035,-16.28997802734375,1
2025-11-05,452.04998779296875,466.3299865722656,440.7099914550781,462.07000732421875,85573000,0.040089130615176494,454.2720031738281,443.7460006713867,0.04601900107944922,0.55999755859375,0
2025-11-06,461.9599914550781,467.45001220703125,435.0899963378906,445.9100036621094,109622900,-0.03497306340156037,455.4340026855469,444.2645004272461,0.04327475827860205,5.80999755859375,0
2025-11-07,437.9200134277344,439.3599853515625,421.8800048828125,429.5199890136719,103471500,-0.03675632866235745,450.0260009765625,445.0660003662109,0.04136641576497277,-27.040008544921875,1
2025-11-10,439.6000061035156,449.6700134277344,433.3599853515625,445.2300109863281,76515900,0.03657576451501576,445.39800415039065,445.5325012207031,0.043976339338667354,-23.139984130859375,0
2025-11-11,439.3999938964844,442.489990234375,432.3599853515625,439.6199951171875,60533200,-0.01260026442672324,444.4700012207031,446.05150146484374,0.03763670002153545,-4.6400146484375,0
2025-11-12,442.1499938964844,442.3299865722656,426.55999755859375,430.6000061035156,58513500,-0.02051769508633805,438.1760009765625,445.8240020751953,0.029830646848376094,-31.470001220703125,0
2025-11-13,423.1300048828125,424.5,396.3399963378906,401.989990234375,118948000,-0.06644220962287406,429.3919982910156,444.4860015869141,0.03772757998555296,-43.920013427734375,1
2025-11-14,386.29998779296875,412.19000244140625,382.7799987792969,404.3500061035156,105506700,0.005870832424868633,424.3580017089844,442.73800201416014,0.03779606756088949,-25.16998291015625,1
2025-11-17,398.739990234375,423.9599914550781,398.739990234375,408.9200134277344,102214300,0.011302107716671506,417.09600219726565,440.8125030517578,0.030817944881085,-36.30999755859375,0
2025-11-18,405.3800048828125,408.8999938964844,393.7099914550781,401.25,80688600,-0.018756757252943457,409.4220031738281,438.74500274658203,0.03074721593617278,-38.3699951171875,1
2025-11-19,406.17999267578125,411.7799987792969,398.5,403.989990234375,72047700,0.006828636098130891,404.1,436.9960021972656,0.032504590526731714,-26.610015869140625,0
2025-11-20,414.6300048828125,428.94000244140625,394.739990234375,395.2300109863281,113548800,-0.02168365419886953,402.7480041503906,434.3085021972656,0.01562677449600871,-6.759979248046875,0
2025-11-21,402.32000732421875,402.79998779296875,383.760009765625,391.0899963378906,100460600,-0.010474950113494086,400.09600219726565,432.177001953125,0.01492584218338101,-13.260009765625,1
2025-11-24,402.1700134277344,421.7200012207031,401.0899963378906,417.7799987792969,96806400,0.0682451678419993,401.8679992675781,430.44500122070315,0.03714508217479807,8.8599853515625,1
2025-11-25,414.4200134277344,420.4800109863281,405.95001220703125,419.3999938964844,71915600,0.0038776272725380423,405.497998046875,428.3875015258789,0.03486065442386317,18.149993896484375,1
2025-11-26,423.95001220703125,426.94000244140625,416.8900146484375,426.5799865722656,63463000,0.017119677587676296,410.0159973144531,426.64100036621096,0.03497754322769027,22.589996337890625,1
2025-11-28,426.5899963378906,432.92999267578125,426.20001220703125,430.1700134277344,36252900,0.008415835173881447,417.0039978027344,426.1445007324219,0.030107663373114664,34.94000244140625,0
2025-12-01,425.32000732421875,433.6600036621094,425.2900085449219,430.1400146484375,57463600,-6.973703038437584e-05,424.8140014648437,424.82350158691406,0.02798056289971243,39.050018310546875,0
2025-12-02,430.80999755859375,436.79998779296875,422.1199951171875,429.239990234375,69336600,-0.0020923987153301793,427.1059997558594,422.86700134277345,0.0076616771064972776,11.459991455078125,1
2025-12-03,432.1000061035156,447.9200134277344,431.1099853515625,446.739990234375,87483000,0.04076973347810542,432.5739990234375,422.9910003662109,0.017375241589149288,27.339996337890625,1
2025-12-04,449.94000244140625,454.6300048828125,445.3900146484375,454.5299987792969,71906500,0.017437455153354264,438.16400146484375,422.61399993896487,0.01739543093404922,27.95001220703125,1
2025-12-05,453.0299987792969,458.8699951171875,451.6600036621094,455.0,56427500,0.0010340378456106247,443.1299987792969,423.06849975585936,0.018166478196535465,24.829986572265625,0
2025-12-08,447.45001220703125,449.75,435.25,439.5799865722656,69165800,-0.033890139401614006,445.0179931640625,423.5714996337891,0.027440989452665477,9.439971923828125,1
2025-12-09,437.5400085449219,452.3900146484375,435.70001220703125,445.1700134277344,62367400,0.01271674558948499,448.20399780273436,423.56849975585936,0.02733006784959773,15.930023193359375,1
2025-12-10,446.07000732421875,456.8800048828125,443.6099853515625,451.45001220703125,63257500,0.014106967203253218,449.1460021972656,424.1600006103516,0.02114463678655358,4.71002197265625,0
2025-12-11,448.95001220703125,449.2699890136719,440.3299865722656,446.8900146484375,55979500,-0.010100780674035192,447.6180053710938,424.97450103759763,0.01975033457941131,-7.639984130859375,1
2025-12-12,448.0899963378906,463.010009765625,441.6700134277344,458.9599914550781,95656700,0.027008830833098685,448.4100036621094,427.8230010986328,0.024090428042571985,3.959991455078125,1
2025-12-15,469.44000244140625,481.7699890136719,467.6600036621094,475.30999755859375,114542200,0.035624033484225714,455.556005859375,431.3710006713867,0.017333696456203723,35.730010986328125,1
2025-12-16,472.2099914550781,491.5,465.8299865722656,489.8800048828125,107608100,0.030653694218629735,464.4980041503906,435.41900024414065,0.01834430646917958,44.709991455078125,0
2025-12-17,488.2200012207031,495.2799987792969,466.20001220703125,467.260009765625,106490400,-0.04617456293730249,467.6600036621094,438.71950073242186,0.03499409843295747,15.80999755859375,1
2025-12-18,478.1600036621094,490.8599853515625,473.1199951171875,483.3699951171875,95168400,0.034477560704677446,474.95599975585935,442.6885009765625,0.035098500640861535,36.47998046875,0
2025-12-19,488.1199951171875,490.489990234375,474.7200012207031,481.20001220703125,103305400,-0.00448927929345333,479.40400390625,446.9870010375977,0.03552406303510533,22.240020751953125,1
2025-12-22,489.8800048828125,498.8299865722656,485.3299865722656,488.7300109863281,86916100,0.01564837611861325,482.0880065917969,451.8690017700195,0.032954796996891654,13.420013427734375,0
2025-12-23,489.3999938964844,491.9700012207031,482.8399963378906,485.55999755859375,58223600,-0.00648622625268469,481.2240051269531,455.25800170898435,0.030074994614318,-4.32000732421875,0
2025-12-24,488.4800109863281,490.8999938964844,476.79998779296875,485.3999938964844,41285400,-0.00032952397832164415,484.852001953125,458.55800170898436,0.01728073091785577,18.139984130859375,0
2025-12-26,485.2300109863281,489.0899963378906,473.82000732421875,475.19000244140625,58780700,-0.021034181259704576,483.21600341796875,460.9885025024414,0.013171228204661363,-8.17999267578125,0
2025-12-29,469.0,469.3999938964844,459.0,459.6400146484375,66263000,-0.03272372674735757,478.90400390625,462.4620025634766,0.01868605276002791,-21.55999755859375,0
2025-12-30,461.0899963378906,463.1199951171875,453.8299865722656,454.42999267578125,59238500,-0.011335005235871831,472.04400024414065,463.67650146484374,0.012745292834324086,-34.300018310546875,0
2025-12-31,456.1000061035156,456.54998779296875,449.29998779296875,449.7200012207031,49078000,-0.010364613980130777,464.8760009765625,464.7005020141602,0.01225316081923522,-35.839996337890625,0
2026-01-02,457.79998779296875,458.3399963378906,435.29998779296875,438.07000732421875,85535400,-0.02590499391813139,455.4100036621094,464.26700286865236,0.00955749982519912,-47.329986572265625,1
2026-01-05,447.989990234375,457.54998779296875,444.57000732421875,451.6700134277344,67940800,0.031045280151877908,450.706005859375,464.1240036010742,0.02477833727893458,-23.519989013671875,0
2026-01-06,446.3800048828125,448.25,428.7799987792969,432.9599914550781,89093800,-0.041424095947095174,445.3700012207031,463.0220031738281,0.026992248031677938,-26.680023193359375,0
2026-01-07,435.8999938964844,438.3699951171875,431.2900085449219,431.4100036621094,59828800,-0.0035799792672750463,440.76600341796876,462.61350402832034,0.027232778210985027,-23.019989013671875,1
2026-01-08,427.8900146484375,436.8900146484375,424.3699951171875,435.79998779296875,57041100,0.010175897854927118,437.98200073242185,462.145002746582,0.028683291423104388,-13.920013427734375,1
2026-01-09,435.95001220703125,449.04998779296875,430.3900146484375,445.010009765625,67331500,0.02113359850994656,439.3700012207031,461.82300262451173,0.02820704660316939,6.94000244140625,1
2026-01-12,441.2300109863281,454.29998779296875,438.0,448.9599914550781,61649600,0.00887616368794375,438.8279968261719,461.92650146484374,0.024254343511024682,-2.71002197265625,0
2026-01-13,450.20001220703125,451.80999755859375,443.95001220703125,447.20001220703125,53719200,-0.003920124914344347,441.6760009765625,461.33850250244143,0.01052946678760411,14.240020751953125,0
2026-01-14,442.80999755859375,443.9100036621094,434.2200012207031,439.20001220703125,57259500,-0.017889087168218576,443.2340026855469,459.53300323486326,0.014973411568545281,7.790008544921875,0
2026-01-15,441.1300048828125,445.3599853515625,437.6499938964844,438.57000732421875,49465800,-0.0014344373071545347,443.7880065917969,456.9675033569336,0.014609103674871182,2.77001953125,0
2026-01-16,439.5,447.25,435.260009765625,437.5,60220600,-0.0024397640202233895,442.2860046386719,455.47950286865233,0.009561464729453968,-7.510009765625,0
2026-01-20,429.3599853515625,430.7300109863281,417.44000244140625,419.25,63187300,-0.041714285714285704,436.34400634765626,452.273503112793,0.01713905292835501,-29.709991455078125,1
2026-01-21,421.6600036621094,438.20001220703125,419.6199951171875,431.44000244140625,68124000,0.02907573629435012,433.19200439453124,449.7855026245117,0.025868959593946705,-15.760009765625,1
2026-01-22,435.1600036621094,449.5,432.6300048828125,449.3599853515625,71546700,0.041535283721378935,435.2239990234375,447.81700134277344,0.03237840520741403,10.15997314453125,0
2026-01-23,447.42999267578125,452.42999267578125,444.0400085449219,449.05999755859375,56771400,-0.0006675890216037983,437.3219970703125,445.99200134277345,0.032342076131382104,10.489990234375,0
2026-01-26,445.0,445.0400085449219,434.2799987792969,435.20001220703125,49397400,-0.030864440001147186,436.86199951171875,443.4820022583008,0.03627096029732201,-2.29998779296875,0
2026-01-27,437.4100036621094,437.5199890136719,430.69000244140625,430.8999938964844,37733100,-0.009880556502607107,439.19199829101564,441.2675018310547,0.02937155617269761,11.649993896484375,1
2026-01-28,431.9100036621094,438.260009765625,430.1000061035156,431.4599914550781,54857400,0.0012995998294869082,439.19599609375,439.8585006713867,0.0263493306161891,0.019989013671875,0
2026-01-29,437.79998779296875,440.2300109863281,414.6199951171875,416.55999755859375,81686100,-0.03453389466363932,432.63599853515626,437.96500091552736,0.016811693990806724,-32.79998779296875,1
2026-01-30,425.3500061035156,439.8800048828125,422.70001220703125,430.4100036621094,82626100,0.033248526466028494,428.9059997558594,436.99950103759767,0.027468997817968847,-18.649993896484375,0
2026-02-02,421.2900085449219,427.1499938964844,414.5,421.80999755859375,58739500,-0.019980962408733927,426.2279968261719,436.1865005493164,0.025585325366849435,-13.3900146484375,1
2026-02-03,424.2699890136719,428.55999755859375,413.69000244140625,421.9599914550781,56886500,0.0003555958781265023,424.43999633789065,434.7009994506836,0.02560365861221234,-8.94000244140625,0
2026-02-04,420.4599914550781,423.8999938964844,399.17999267578125,406.010009765625,74606900,-0.03779974882085746,419.35,433.35350036621094,0.029312354627426138,-25.449981689453125,0
2026-02-05,397.0199890136719,402.1000061035156,387.5299987792969,397.2099914550781,72819800,-0.02167438757390938,415.47999877929686,431.64349975585935,0.027308274838127474,-19.350006103515625,1
2026-02-06,400.8699951171875,414.54998779296875,397.75,411.1099853515625,62677100,0.03499406912088299,411.6199951171875,430.40899963378905,0.027988803164177938,-19.300018310546875,1
2026-02-09,409.9100036621094,421.25,407.2900085449219,417.32000732421875,54484300,0.015105500216312517,410.7219970703125,429.0244995117188,0.028875678252845895,-4.489990234375,1
2026-02-10,418.0799865722656,427.25,417.0,425.2099914550781,64450200,0.018906316477488305,411.3719970703125,427.8369995117188,0.03037531502467188,3.25,1
2026-02-11,427.9599914550781,436.3500061035156,420.0299987792969,428.2699890136719,57362000,0.00719643851293883,415.82399291992186,426.89049835205077,0.020839376429132014,22.259979248046875,0
2026-02-12,430.29998779296875,436.2300109863281,414.0,417.07000732421875,61933400,-0.02615168463063977,419.79599609375,425.7839981079102,0.022610262286429837,19.860015869140625,1
2026-02-13,414.30999755859375,424.05999755859375,410.8800048828125,417.44000244140625,51434100,0.0008871295242764976,421.06199951171874,424.72749786376954,0.017827443451302844,6.33001708984375,0
2026-02-17,412.3599853515625,413.7200012207031,400.510009765625,410.6300048828125,59678800,-0.016313715788533356,419.7239990234375,423.38399810791014,0.018111972160410068,-6.69000244140625,1
2026-02-18,411.1099853515625,416.8999938964844,409.5799865722656,411.32000732421875,45921400,0.0016803507615161806,416.9460021972656,422.9874984741211,0.014067425640110385,-13.889984130859375,1
2026-02-19,407.25,415.25,404.1099853515625,411.7099914550781,51019600,0.0009481282794785439,413.6340026855469,422.00099792480466,0.01275872446079483,-16.55999755859375,1
2026-02-20,408.29998779296875,414.70001220703125,405.5,411.82000732421875,57912200,0.00026721690370390405,412.58400268554686,420.1239990234375,0.007734882189979041,-5.25,0
2026-02-23,407.2900085449219,407.70001220703125,394.0400085449219,399.8299865722656,69680000,-0.02911471161845125,409.06199951171874,417.6624984741211,0.013745826976902202,-17.610015869140625,1
2026-02-24,399.5,410.82000732421875,397.6400146484375,409.3800048828125,58579500,0.023885197787236967,408.81199951171874,416.37149810791016,0.018847239158330458,-1.25,1
2026-02-25,412.1499938964844,420.3399963378906,412.1499938964844,417.3999938964844,54809700,0.019590573349979934,410.0279968261719,415.69649810791014,0.020942809897206646,6.079986572265625,0
2026-02-26,414.4200134277344,416.80999755859375,403.6600036621094,408.5799865722656,53602500,-0.021130827631028026,409.40199584960936,414.55249786376953,0.023664775072583123,-3.1300048828125,0
2026-02-27,402.94000244140625,407.1199951171875,398.1099853515625,402.510009765625,56890100,-0.014856275407819197,407.5399963378906,413.8499984741211,0.02437028576894743,-9.30999755859375,1
2026-03-02,390.6000061035156,404.5400085449219,388.25,403.32000732421875,55088300,0.0020123662491409178,408.2380004882813,412.49549865722656,0.020046880805175936,3.490020751953125,0
2026-03-03,395.0899963378906,396.3399963378906,385.3900146484375,392.42999267578125,62617300,-0.027000928420799375,404.847998046875,411.02649841308596,0.018983979742081943,-16.95001220703125,1
2026-03-04,397.8500061035156,408.3299865722656,394.5799865722656,405.94000244140625,68305500,0.03442654745501761,402.5559997558594,410.22549896240236,0.02472112754216837,-11.459991455078125,0
2026-03-05,401.57000732421875,408.6199951171875,399.4200134277344,405.54998779296875,51925900,-0.0009607691927178141,401.95,410.2024978637695,0.023085603956029724,-3.029998779296875,0
2026-03-06,398.0899963378906,402.3500061035156,394.2099914550781,396.7300109863281,64054600,-0.021748186591348584,400.79400024414065,410.17849884033205,0.02427431713265096,-5.779998779296875,1
2026-03-09,390.04998779296875,401.5899963378906,381.3999938964844,398.67999267578125,67018900,0.004915135319874642,399.8659973144531,409.55699920654297,0.0244479172821821,-4.6400146484375,1
2026-03-10,402.2200012207031,406.5899963378906,398.19000244140625,399.239990234375,59258700,0.0014046291985592152,401.2279968261719,408.65299835205076,0.020125581742299642,6.80999755859375,1
2026-03-11,402.2799987792969,416.3800048828125,402.1499938964844,407.82000732421875,62559900,0.02149087591352461,401.6039978027344,407.7834991455078,0.015465207290343001,1.8800048828125,0
2026-03-12,405.17999267578125,406.5,394.6499938964844,395.010009765625,60973800,-0.03141091003024221,399.4960021972656,406.1205001831055,0.021325508954238192,-10.53997802734375,0
2026-03-13,399.1700134277344,400.20001220703125,389.95001220703125,391.20001220703125,58504100,-0.009645319015724074,398.39000244140624,404.8270004272461,0.01957407475607329,-5.529998779296875,1
2026-03-16,396.2200012207031,403.7300109863281,394.4200134277344,395.55999755859375,58068300,0.011145156481373375,397.76600341796876,403.73300018310545,0.020358530486120362,-3.1199951171875,1
2026-03-17,395.69000244140625,400.1199951171875,393.0,399.2699890136719,46890500,0.00937908655570907,397.7720031738281,403.1649993896484,0.02093760420283027,0.029998779296875,0
2026-03-18,399.0,403.07000732421875,392.30999755859375,392.7799987792969,50853100,-0.016254640751756533,394.7640014648438,402.23799896240234,0.017926386904087547,-15.040008544921875,0
2026-03-19,387.2699890136719,387.2699890136719,378.7300109863281,380.29998779296875,67078300,-0.03177353995904619,391.8219970703125,400.66749877929686,0.01804834957489872,-14.71002197265625,0
2026-03-20,379.8500061035156,379.8900146484375,364.4599914550781,367.9599914550781,78628600,-0.03244805872728129,387.1739929199219,398.47449798583983,0.02133061828562113,-23.240020751953125,1
2026-03-23,373.0899963378906,385.3299865722656,372.7300109863281,380.8500061035156,74606000,0.035031022251806876,384.23199462890625,397.52549896240237,0.029075910697520243,-14.709991455078125,1
2026-03-24,376.55999755859375,387.4800109863281,376.30999755859375,383.0299987792969,60004900,0.005724019012326664,380.98399658203124,396.20799865722654,0.02859645913156065,-16.239990234375,1
2026-03-25,389.989990234375,396.2300109863281,385.010009765625,385.95001220703125,55157300,0.007623458833617036,379.6179992675781,394.63549957275393,0.028854322208157302,-6.829986572265625,0
2026-03-26,381.6000061035156,384.44000244140625,371.8699951171875,372.1099853515625,55522900,-0.03585963575004292,377.97999877929686,392.81199951171874,0.029905724668610682,-8.19000244140625,0
2026-03-27,369.69000244140625,369.8599853515625,359.4700012207031,361.8299865722656,62065700,-0.027626237359861583,376.7539978027344,390.77799835205076,0.028816358033118137,-6.1300048828125,0
2026-03-30,365.8599853515625,367.2900085449219,352.1400146484375,355.2799987792969,67954400,-0.018102390725044493,371.63999633789064,388.37599792480466,0.01959808383817933,-25.57000732421875,1
2026-03-31,361.510009765625,373.3299865722656,361.0,371.75,75534900,0.04635780589195071,369.3839965820313,387.3419982910156,0.03328495541716218,-11.279998779296875,1
2026-04-01,378.6300048828125,383.1400146484375,374.0799865722656,381.260009765625,58683800,0.025581734406523227,368.44599609375,386.1079986572266,0.035922384198213884,-4.69000244140625,0
2026-04-02,364.20001220703125,370.2799987792969,359.0299987792969,360.5899963378906,83031200,-0.05421500524128142,366.1419982910156,383.85999908447263,0.04085583737680107,-11.519989013671875,0
2026-04-06,362.5899963378906,367.7200012207031,346.6400146484375,352.82000732421875,77697600,-0.021547988276388597,364.3400024414062,381.6644989013672,0.0401204496418658,-9.009979248046875,0
2026-04-07,346.44000244140625,348.0199890136719,337.239990234375,346.6499938964844,74515400,-0.017487708462248674,362.61400146484374,379.06299896240233,0.040068818048612585,-8.6300048828125,0
2026-04-08,363.7900085449219,364.5,339.6700134277344,343.25,78838600,-0.009808146419583275,356.91400146484375,376.2634994506836,0.02854595756070297,-28.5,1
2026-04-09,343.1499938964844,348.8800048828125,337.25,345.6199951171875,62164000,0.006904574267115882,349.78599853515624,373.153498840332,0.022383847605723633,-35.6400146484375,1
2026-04-10,346.2900085449219,350.3599853515625,342.739990234375,348.95001220703125,51336000,0.009634908676839249,347.4580017089844,370.85049896240236,0.014125559771726824,-11.639984130859375,1
2026-04-13,350.07000732421875,356.3500061035156,348.57000732421875,352.4200134277344,53617500,0.009944121218842028,347.3780029296875,368.9114990234375,0.012661732612863867,-0.399993896484375,1
2026-04-14,357.6700134277344,367.6300048828125,354.7699890136719,364.20001220703125,59979600,0.03342602102735692,350.88800659179685,367.3434997558594,0.015417985769433939,17.550018310546875,1
2026-04-15,366.8299865722656,394.6499938964844,362.5,391.95001220703125,113810400,0.07619439612820611,360.6280090332031,366.97750091552734,0.029399889953423894,48.70001220703125,0
2026-04-16,393.80999755859375,394.05999755859375,381.79998779296875,388.8999938964844,63515100,-0.007781651270713175,369.2840087890625,366.7835006713867,0.032506536900859605,43.279998779296875,1
2026-04-17,395.9200134277344,409.2799987792969,391.6499938964844,400.6199951171875,90640000,0.03013628543234881,379.6180053710938,367.7995010375977,0.031473440864379656,51.66998291015625,0
2026-04-20,402.5799865722656,406.79998779296875,388.3299865722656,392.5,64603900,-0.02026857175416885,387.6340026855469,369.02650146484376,0.03810112257172699,40.079986572265625,0
2026-04-21,393.0,393.95001220703125,385.2200012207031,386.4200134277344,50530600,-0.015490411649084379,392.0780029296875,369.3050018310547,0.04073262099935677,22.220001220703125,1
2026-04-22,387.57000732421875,393.010009765625,385.29998779296875,387.510009765625,62362800,0.0028207553957204645,391.19000244140625,369.5290023803711,0.02003167379073992,-4.44000244140625,0
2026-04-23,375.2799987792969,386.0,368.3900146484375,373.7200012207031,93969500,-0.03558619957523779,388.15400390625,368.91750183105466,0.02519210155649441,-15.17999267578125,1
2026-04-24,373.5,382.760009765625,370.7300109863281,376.29998779296875,62753700,0.0069035282132037246,383.2900024414063,369.127001953125,0.01741647043168301,-24.32000732421875,0
